{"timestamp": "2025-07-27T13:17:02.071483", "rate": 0.09984426930248197, "analysis": {"decision_factors": ["Alta taxa de saída de jogadores (191.7%)", "Liquidez baixa (ratio: 0.13)", "Sentimento negativo da comunidade", "選択された低税率 (10.0%) 市場活性化を促進"], "risks": ["Risco de êxodo em massa de jogadores", "Risco de travamento do mercado", "Risco de dano à reputação"], "opportunities": [], "predictions": {"volume_24h": "Dados insuficientes para predição (necessário almeno 30 dias de dados)", "token_price": "Coletando dados históricos...", "player_retention": "Prediçoes disponíveis após acumular dados suficientes"}}}
{"timestamp": "2025-07-27T13:19:32.696441", "rate": 0.14984426930248196, "analysis": {"decision_factors": ["Alta taxa de saída de jogadores (227.9%)", "Liquidez baixa (ratio: 0.14)", "Sentimento negativo da comunidade", "選択された低税率 (15.0%) 市場活性化を促進"], "risks": ["Risco de êxodo em massa de jogadores", "Risco de travamento do mercado", "Risco de dano à reputação"], "opportunities": [], "predictions": {"volume_24h": "Dados insuficientes para predição (necessário almeno 30 dias de dados)", "token_price": "Coletando dados históricos...", "player_retention": "Prediçoes disponíveis após acumular dados suficientes"}}}
{"timestamp": "2025-07-27T13:28:09.602722", "rate": 0.19984426930248195, "analysis": {"decision_factors": ["Alta taxa de saída de jogadores (289.5%)", "Liquidez baixa (ratio: 0.15)", "Sentimento negativo da comunidade", "安定的な政策選択 (20.0%) 長期ビジョンに沿う"], "risks": ["Risco de êxodo em massa de jogadores", "Risco de travamento do mercado", "Risco de dano à reputação"], "opportunities": [], "predictions": {"volume_24h": "Dados insuficientes para predição (necessário almeno 30 dias de dados)", "token_price": "Coletando dados históricos...", "player_retention": "Prediçoes disponíveis após acumular dados suficientes"}}}
{"timestamp": "2025-07-27T13:28:40.571461", "rate": 0.14984426930248196, "analysis": {"decision_factors": ["Alta taxa de saída de jogadores (338.2%)", "Liquidez baixa (ratio: 0.15)", "Sentimento negativo da comunidade", "選択された低税率 (15.0%) 市場活性化を促進"], "risks": ["Risco de êxodo em massa de jogadores", "Risco de travamento do mercado", "Risco de dano à reputação"], "opportunities": [], "predictions": {"volume_24h": "Dados insuficientes para predição (necessário almeno 30 dias de dados)", "token_price": "Coletando dados históricos...", "player_retention": "Prediçoes disponíveis após acumular dados suficientes"}}}
{"timestamp": "2025-07-27T13:29:11.149587", "rate": 0.1009726190757029, "analysis": {"decision_factors": ["Alta taxa de saída de jogadores (480.0%)", "Liquidez baixa (ratio: 0.15)", "Sentimento negativo da comunidade", "選択された低税率 (10.1%) 市場活性化を促進"], "risks": ["Risco de êxodo em massa de jogadores", "Risco de travamento do mercado", "Risco de dano à reputação"], "opportunities": [], "predictions": {"volume_24h": "Dados insuficientes para predição (necessário almeno 30 dias de dados)", "token_price": "Coletando dados históricos...", "player_retention": "Prediçoes disponíveis após acumular dados suficientes"}}}
{"timestamp": "2025-07-27T13:29:42.196433", "rate": 0.15097261907570292, "analysis": {"decision_factors": ["Alta taxa de saída de jogadores (530.5%)", "Liquidez baixa (ratio: 0.14)", "Sentimento negativo da comunidade", "安定的な政策選択 (15.1%) 長期ビジョンに沿う"], "risks": ["Risco de êxodo em massa de jogadores", "Risco de travamento do mercado", "Risco de dano à reputação"], "opportunities": [], "predictions": {"volume_24h": "Dados insuficientes para predição (necessário almeno 30 dias de dados)", "token_price": "Coletando dados históricos...", "player_retention": "Prediçoes disponíveis após acumular dados suficientes"}}}
{"timestamp": "2025-07-27T13:30:13.087044", "rate": 0.2009726190757029, "analysis": {"decision_factors": ["Alta taxa de saída de jogadores (543.5%)", "Liquidez baixa (ratio: 0.14)", "Sentimento negativo da comunidade", "安定的な政策選択 (20.1%) 長期ビジョンに沿う"], "risks": ["Risco de êxodo em massa de jogadores", "Risco de travamento do mercado", "Risco de dano à reputação"], "opportunities": [], "predictions": {"volume_24h": "Dados insuficientes para predição (necessário almeno 30 dias de dados)", "token_price": "Coletando dados históricos...", "player_retention": "Prediçoes disponíveis após acumular dados suficientes"}}}
{"timestamp": "2025-07-27T13:30:43.743297", "rate": 0.15097261907570292, "analysis": {"decision_factors": ["Alta taxa de saída de jogadores (600.0%)", "Liquidez baixa (ratio: 0.14)", "Sentimento negativo da comunidade", "安定的な政策選択 (15.1%) 長期ビジョンに沿う"], "risks": ["Risco de êxodo em massa de jogadores", "Risco de travamento do mercado", "Risco de dano à reputação"], "opportunities": [], "predictions": {"volume_24h": "Dados insuficientes para predição (necessário almeno 30 dias de dados)", "token_price": "Coletando dados históricos...", "player_retention": "Prediçoes disponíveis após acumular dados suficientes"}}}
{"timestamp": "2025-07-27T13:31:14.212065", "rate": 0.2009726190757029, "analysis": {"decision_factors": ["Alta taxa de saída de jogadores (694.4%)", "Liquidez baixa (ratio: 0.14)", "Sentimento negativo da comunidade", "安定的な政策選択 (20.1%) 長期ビジョンに沿う"], "risks": ["Risco de êxodo em massa de jogadores", "Risco de travamento do mercado", "Risco de dano à reputação"], "opportunities": [], "predictions": {"volume_24h": "Dados insuficientes para predição (necessário almeno 30 dias de dados)", "token_price": "Coletando dados históricos...", "player_retention": "Prediçoes disponíveis após acumular dados suficientes"}}}
{"timestamp": "2025-07-27T13:31:44.555829", "rate": 0.15097261907570292, "analysis": {"decision_factors": ["Alta taxa de saída de jogadores (764.7%)", "Liquidez baixa (ratio: 0.15)", "Sentimento negativo da comunidade", "安定的な政策選択 (15.1%) 長期ビジョンに沿う"], "risks": ["Risco de êxodo em massa de jogadores", "Risco de travamento do mercado", "Risco de dano à reputação"], "opportunities": [], "predictions": {"volume_24h": "Dados insuficientes para predição (necessário almeno 30 dias de dados)", "token_price": "Coletando dados históricos...", "player_retention": "Prediçoes disponíveis após acumular dados suficientes"}}}
{"timestamp": "2025-07-27T13:32:14.852670", "rate": 0.2009726190757029, "analysis": {"decision_factors": ["Alta taxa de saída de jogadores (818.2%)", "Liquidez baixa (ratio: 0.15)", "Sentimento negativo da comunidade", "安定的な政策選択 (20.1%) 長期ビジョンに沿う"], "risks": ["Risco de êxodo em massa de jogadores", "Risco de travamento do mercado", "Risco de dano à reputação"], "opportunities": [], "predictions": {"volume_24h": "Dados insuficientes para predição (necessário almeno 30 dias de dados)", "token_price": "Coletando dados históricos...", "player_retention": "Prediçoes disponíveis após acumular dados suficientes"}}}
{"timestamp": "2025-07-27T13:32:45.430815", "rate": 0.17901119762661322, "analysis": {"decision_factors": ["Alta taxa de saída de jogadores (945.9%)", "Liquidez baixa (ratio: 0.14)", "Sentimento negativo da comunidade", "安定的な政策選択 (17.9%) 長期ビジョンに沿う"], "risks": ["Risco de êxodo em massa de jogadores", "Risco de travamento do mercado", "Risco de dano à reputação"], "opportunities": [], "predictions": {"volume_24h": "Dados insuficientes para predição (necessário almeno 30 dias de dados)", "token_price": "Coletando dados históricos...", "player_retention": "Prediçoes disponíveis após acumular dados suficientes"}}}
{"timestamp": "2025-07-27T13:33:16.212074", "rate": 0.2290111976266132, "analysis": {"decision_factors": ["Alta taxa de saída de jogadores (959.6%)", "Liquidez baixa (ratio: 0.14)", "Sentimento negativo da comunidade", "安定的な政策選択 (22.9%) 長期ビジョンに沿う"], "risks": ["Risco de êxodo em massa de jogadores", "Risco de travamento do mercado", "Risco de dano à reputação"], "opportunities": [], "predictions": {"volume_24h": "Dados insuficientes para predição (necessário almeno 30 dias de dados)", "token_price": "Coletando dados históricos...", "player_retention": "Prediçoes disponíveis após acumular dados suficientes"}}}
{"timestamp": "2025-07-27T13:33:46.446422", "rate": 0.2790111976266132, "analysis": {"decision_factors": ["Alta taxa de saída de jogadores (972.2%)", "Liquidez baixa (ratio: 0.14)", "Sentimento negativo da comunidade", "安定的な政策選択 (27.9%) 長期ビジョンに沿う"], "risks": ["Risco de êxodo em massa de jogadores", "Risco de travamento do mercado", "Risco de dano à reputação"], "opportunities": [], "predictions": {"volume_24h": "Dados insuficientes para predição (necessário almeno 30 dias de dados)", "token_price": "Coletando dados históricos...", "player_retention": "Prediçoes disponíveis após acumular dados suficientes"}}}
{"timestamp": "2025-07-27T13:34:17.133925", "rate": 0.3290111976266132, "analysis": {"decision_factors": ["Alta taxa de saída de jogadores (979.0%)", "Liquidez baixa (ratio: 0.14)", "Sentimento negativo da comunidade", "高い税率選択 (32.9%) 通貨発行を抑制"], "risks": ["Risco de êxodo em massa de jogadores", "Risco de travamento do mercado", "Risco de dano à reputação"], "opportunities": [], "predictions": {"volume_24h": "Dados insuficientes para predição (necessário almeno 30 dias de dados)", "token_price": "Coletando dados históricos...", "player_retention": "Prediçoes disponíveis após acumular dados suficientes"}}}
{"timestamp": "2025-07-27T13:34:47.680857", "rate": 0.37901119762661317, "analysis": {"decision_factors": ["Alta taxa de saída de jogadores (1051.9%)", "Liquidez baixa (ratio: 0.14)", "Sentimento negativo da comunidade", "高い税率選択 (37.9%) 通貨発行を抑制"], "risks": ["Risco de êxodo em massa de jogadores", "Risco de travamento do mercado", "Risco de dano à reputação"], "opportunities": [], "predictions": {"volume_24h": "Dados insuficientes para predição (necessário almeno 30 dias de dados)", "token_price": "Coletando dados históricos...", "player_retention": "Prediçoes disponíveis após acumular dados suficientes"}}}
{"timestamp": "2025-07-27T13:35:18.087079", "rate": 0.3290111976266132, "analysis": {"decision_factors": ["Alta taxa de saída de jogadores (1250.0%)", "Liquidez baixa (ratio: 0.14)", "Sentimento negativo da comunidade", "高い税率選択 (32.9%) 通貨発行を抑制"], "risks": ["Risco de êxodo em massa de jogadores", "Risco de travamento do mercado", "Risco de dano à reputação"], "opportunities": [], "predictions": {"volume_24h": "Dados insuficientes para predição (necessário almeno 30 dias de dados)", "token_price": "Coletando dados históricos...", "player_retention": "Prediçoes disponíveis após acumular dados suficientes"}}}
{"timestamp": "2025-07-27T13:35:48.930817", "rate": 0.37901119762661317, "analysis": {"decision_factors": ["Alta taxa de saída de jogadores (1347.8%)", "Liquidez baixa (ratio: 0.14)", "Sentimento negativo da comunidade", "高い税率選択 (37.9%) 通貨発行を抑制"], "risks": ["Risco de êxodo em massa de jogadores", "Risco de travamento do mercado", "Risco de dano à reputação"], "opportunities": [], "predictions": {"volume_24h": "Dados insuficientes para predição (necessário almeno 30 dias de dados)", "token_price": "Coletando dados históricos...", "player_retention": "Prediçoes disponíveis após acumular dados suficientes"}}}
{"timestamp": "2025-07-27T13:36:19.446451", "rate": 0.3290111976266132, "analysis": {"decision_factors": ["Alta taxa de saída de jogadores (1481.5%)", "Liquidez baixa (ratio: 0.14)", "Sentimento negativo da comunidade", "高い税率選択 (32.9%) 通貨発行を抑制"], "risks": ["Risco de êxodo em massa de jogadores", "Risco de travamento do mercado", "Risco de dano à reputação"], "opportunities": [], "predictions": {"volume_24h": "Dados insuficientes para predição (necessário almeno 30 dias de dados)", "token_price": "Coletando dados históricos...", "player_retention": "Prediçoes disponíveis após acumular dados suficientes"}}}
{"timestamp": "2025-07-27T13:36:49.837055", "rate": 0.2790111976266132, "analysis": {"decision_factors": ["Alta taxa de saída de jogadores (1509.4%)", "Liquidez baixa (ratio: 0.14)", "Sentimento negativo da comunidade", "安定的な政策選択 (27.9%) 長期ビジョンに沿う"], "risks": ["Risco de êxodo em massa de jogadores", "Risco de travamento do mercado", "Risco de dano à reputação"], "opportunities": [], "predictions": {"volume_24h": "Dados insuficientes para predição (necessário almeno 30 dias de dados)", "token_price": "Coletando dados históricos...", "player_retention": "Prediçoes disponíveis após acumular dados suficientes"}}}
{"timestamp": "2025-07-27T13:37:20.274569", "rate": 0.30854546105844993, "analysis": {"decision_factors": ["Alta taxa de saída de jogadores (1586.5%)", "Liquidez baixa (ratio: 0.14)", "Sentimento negativo da comunidade", "高い税率選択 (30.9%) 通貨発行を抑制"], "risks": ["Risco de êxodo em massa de jogadores", "Risco de travamento do mercado", "Risco de dano à reputação"], "opportunities": [], "predictions": {"volume_24h": "Dados insuficientes para predição (necessário almeno 30 dias de dados)", "token_price": "Coletando dados históricos...", "player_retention": "Prediçoes disponíveis após acumular dados suficientes"}}}
{"timestamp": "2025-07-27T13:37:50.821421", "rate": 0.25854546105844994, "analysis": {"decision_factors": ["Alta taxa de saída de jogadores (1734.7%)", "Liquidez baixa (ratio: 0.14)", "Sentimento negativo da comunidade", "安定的な政策選択 (25.9%) 長期ビジョンに沿う"], "risks": ["Risco de êxodo em massa de jogadores", "Risco de travamento do mercado", "Risco de dano à reputação"], "opportunities": [], "predictions": {"volume_24h": "Dados insuficientes para predição (necessário almeno 30 dias de dados)", "token_price": "Coletando dados históricos...", "player_retention": "Prediçoes disponíveis após acumular dados suficientes"}}}
{"timestamp": "2025-07-27T13:38:21.446476", "rate": 0.20854546105844995, "analysis": {"decision_factors": ["Alta taxa de saída de jogadores (1754.4%)", "Liquidez baixa (ratio: 0.14)", "Sentimento negativo da comunidade", "安定的な政策選択 (20.9%) 長期ビジョンに沿う"], "risks": ["Risco de êxodo em massa de jogadores", "Risco de travamento do mercado", "Risco de dano à reputação"], "opportunities": [], "predictions": {"volume_24h": "Dados insuficientes para predição (necessário almeno 30 dias de dados)", "token_price": "Coletando dados históricos...", "player_retention": "Prediçoes disponíveis após acumular dados suficientes"}}}
{"timestamp": "2025-07-27T13:38:52.040244", "rate": 0.25854546105844994, "analysis": {"decision_factors": ["Alta taxa de saída de jogadores (1791.0%)", "Liquidez baixa (ratio: 0.14)", "Sentimento negativo da comunidade", "安定的な政策選択 (25.9%) 長期ビジョンに沿う"], "risks": ["Risco de êxodo em massa de jogadores", "Risco de travamento do mercado", "Risco de dano à reputação"], "opportunities": [], "predictions": {"volume_24h": "Dados insuficientes para predição (necessário almeno 30 dias de dados)", "token_price": "Coletando dados históricos...", "player_retention": "Prediçoes disponíveis após acumular dados suficientes"}}}
{"timestamp": "2025-07-27T13:39:22.634002", "rate": 0.20854546105844995, "analysis": {"decision_factors": ["Alta taxa de saída de jogadores (1824.5%)", "Liquidez baixa (ratio: 0.14)", "Sentimento negativo da comunidade", "安定的な政策選択 (20.9%) 長期ビジョンに沿う"], "risks": ["Risco de êxodo em massa de jogadores", "Risco de travamento do mercado", "Risco de dano à reputação"], "opportunities": [], "predictions": {"volume_24h": "Dados insuficientes para predição (necessário almeno 30 dias de dados)", "token_price": "Coletando dados históricos...", "player_retention": "Prediçoes disponíveis após acumular dados suficientes"}}}
{"timestamp": "2025-07-27T13:39:53.290194", "rate": 0.25854546105844994, "analysis": {"decision_factors": ["Alta taxa de saída de jogadores (1847.8%)", "Liquidez baixa (ratio: 0.14)", "Sentimento negativo da comunidade", "安定的な政策選択 (25.9%) 長期ビジョンに沿う"], "risks": ["Risco de êxodo em massa de jogadores", "Risco de travamento do mercado", "Risco de dano à reputação"], "opportunities": [], "predictions": {"volume_24h": "Dados insuficientes para predição (necessário almeno 30 dias de dados)", "token_price": "Coletando dados históricos...", "player_retention": "Prediçoes disponíveis após acumular dados suficientes"}}}
{"timestamp": "2025-07-27T13:40:23.884001", "rate": 0.30854546105844993, "analysis": {"decision_factors": ["Alta taxa de saída de jogadores (1851.9%)", "Liquidez baixa (ratio: 0.14)", "Sentimento negativo da comunidade", "高い税率選択 (30.9%) 通貨発行を抑制"], "risks": ["Risco de êxodo em massa de jogadores", "Risco de travamento do mercado", "Risco de dano à reputação"], "opportunities": [], "predictions": {"volume_24h": "Dados insuficientes para predição (necessário almeno 30 dias de dados)", "token_price": "Coletando dados históricos...", "player_retention": "Prediçoes disponíveis após acumular dados suficientes"}}}
{"timestamp": "2025-07-27T13:40:54.352667", "rate": 0.3585454610584499, "analysis": {"decision_factors": ["Alta taxa de saída de jogadores (1892.3%)", "Liquidez baixa (ratio: 0.14)", "Sentimento negativo da comunidade", "高い税率選択 (35.9%) 通貨発行を抑制"], "risks": ["Risco de êxodo em massa de jogadores", "Risco de travamento do mercado", "Risco de dano à reputação"], "opportunities": [], "predictions": {"volume_24h": "Dados insuficientes para predição (necessário almeno 30 dias de dados)", "token_price": "Coletando dados históricos...", "player_retention": "Prediçoes disponíveis após acumular dados suficientes"}}}
{"timestamp": "2025-07-27T13:41:25.071469", "rate": 0.30854546105844993, "analysis": {"decision_factors": ["Alta taxa de saída de jogadores (1979.6%)", "Liquidez baixa (ratio: 0.14)", "Sentimento negativo da comunidade", "高い税率選択 (30.9%) 通貨発行を抑制"], "risks": ["Risco de êxodo em massa de jogadores", "Risco de travamento do mercado", "Risco de dano à reputação"], "opportunities": [], "predictions": {"volume_24h": "Dados insuficientes para predição (necessário almeno 30 dias de dados)", "token_price": "Coletando dados históricos...", "player_retention": "Prediçoes disponíveis após acumular dados suficientes"}}}
{"timestamp": "2025-07-27T13:41:57.102741", "rate": 0.25854546105844994, "analysis": {"decision_factors": ["Alta taxa de saída de jogadores (2000.0%)", "Liquidez baixa (ratio: 0.14)", "Sentimento negativo da comunidade", "安定的な政策選択 (25.9%) 長期ビジョンに沿う"], "risks": ["Risco de êxodo em massa de jogadores", "Risco de travamento do mercado", "Risco de dano à reputação"], "opportunities": [], "predictions": {"volume_24h": "Queda de 3.6% no volume previsto", "token_price": "Preço do token: baixa de 3.8% esperada", "player_retention": "Base de jogadores: crescimento de 3.1% projetado", "sentiment_trend": "Sentimento: tendência negativa (0.00)", "liquidity_impact": "Líquidez: melhora"}}}
{"timestamp": "2025-07-27T13:42:28.805792", "rate": 0.24967596607857695, "analysis": {"decision_factors": ["Alta taxa de saída de jogadores (2054.2%)", "Liquidez baixa (ratio: 0.14)", "Sentimento negativo da comunidade", "安定的な政策選択 (25.0%) 長期ビジョンに沿う"], "risks": ["Risco de êxodo em massa de jogadores", "Risco de travamento do mercado", "Risco de dano à reputação"], "opportunities": [], "predictions": {"volume_24h": "Queda de 5.3% no volume previsto", "token_price": "Preço do token: baixa de 2.1% esperada", "player_retention": "Base de jogadores: crescimento de 0.5% projetado", "sentiment_trend": "Sentimento: tendência negativa (0.00)", "liquidity_impact": "Líquidez: melhora"}}}
{"timestamp": "2025-07-27T13:43:00.337100", "rate": 0.19967596607857696, "analysis": {"decision_factors": ["Alta taxa de saída de jogadores (2111.1%)", "Liquidez baixa (ratio: 0.14)", "Sentimento negativo da comunidade", "安定的な政策選択 (20.0%) 長期ビジョンに沿う"], "risks": ["Risco de êxodo em massa de jogadores", "Risco de travamento do mercado", "Risco de dano à reputação"], "opportunities": [], "predictions": {"volume_24h": "Queda de 3.1% no volume previsto", "token_price": "Preço do token: baixa de 5.8% esperada", "player_retention": "Base de jogadores: redução de 0.0% projetado", "sentiment_trend": "Sentimento: tendência negativa (-0.02)", "liquidity_impact": "Líquidez: deterioração"}}}
{"timestamp": "2025-07-27T13:43:37.899556", "rate": 0.24967596607857695, "analysis": {"decision_factors": ["Alta taxa de saída de jogadores (2215.2%)", "Liquidez baixa (ratio: 0.14)", "Sentimento negativo da comunidade", "安定的な政策選択 (25.0%) 長期ビジョンに沿う"], "risks": ["Risco de êxodo em massa de jogadores", "Risco de travamento do mercado", "Risco de dano à reputação"], "opportunities": [], "predictions": {"volume_24h": "Queda de 3.2% no volume previsto", "token_price": "Preço do token: baixa de 4.6% esperada", "player_retention": "Base de jogadores: redução de 2.2% projetado", "sentiment_trend": "Sentimento: tendência negativa (-0.01)", "liquidity_impact": "Líquidez: deterioração"}}}
{"timestamp": "2025-07-27T13:46:16.212085", "rate": 0.29967596607857694, "analysis": {"decision_factors": ["Alta taxa de saída de jogadores (2285.7%)", "Liquidez baixa (ratio: 0.14)", "Sentimento negativo da comunidade", "安定的な政策選択 (30.0%) 長期ビジョンに沿う"], "risks": ["Risco de êxodo em massa de jogadores", "Risco de travamento do mercado", "Risco de dano à reputação"], "opportunities": [], "predictions": {"volume_24h": "Queda de 3.4% no volume previsto", "token_price": "Preço do token: baixa de 2.5% esperada", "player_retention": "Base de jogadores: crescimento de 0.0% projetado", "sentiment_trend": "Sentimento: tendência negativa (0.00)", "liquidity_impact": "Líquidez: melhora"}}}
{"timestamp": "2025-07-27T13:48:54.430846", "rate": 0.24967596607857695, "analysis": {"decision_factors": ["Alta taxa de saída de jogadores (2327.1%)", "Liquidez baixa (ratio: 0.14)", "Sentimento negativo da comunidade", "安定的な政策選択 (25.0%) 長期ビジョンに沿う"], "risks": ["Risco de êxodo em massa de jogadores", "Risco de travamento do mercado", "Risco de dano à reputação"], "opportunities": [], "predictions": {"volume_24h": "Queda de 3.3% no volume previsto", "token_price": "Preço do token: baixa de 0.4% esperada", "player_retention": "Base de jogadores: crescimento de 1.2% projetado", "sentiment_trend": "Sentimento: tendência negativa (-0.00)", "liquidity_impact": "Líquidez: deterioração"}}}
{"timestamp": "2025-07-27T13:51:15.555808", "rate": 0.24967596607857695, "analysis": {"decision_factors": ["Alta taxa de saída de jogadores (2391.9%)", "Liquidez baixa (ratio: 0.14)", "Sentimento negativo da comunidade", "安定的な政策選択 (25.0%) 長期ビジョンに沿う"], "risks": ["Risco de êxodo em massa de jogadores", "Risco de travamento do mercado", "Risco de dano à reputação"], "opportunities": [], "predictions": {"volume_24h": "Queda de 3.6% no volume previsto", "token_price": "Preço do token: alta de 1.1% esperada", "player_retention": "Base de jogadores: redução de 1.8% projetado", "sentiment_trend": "Sentimento: tendência negativa (0.02)", "liquidity_impact": "Líquidez: melhora"}}}
{"timestamp": "2025-07-27T13:56:03.993320", "rate": 0.3496759660785769, "analysis": {"decision_factors": ["Alta taxa de saída de jogadores (2391.9%)", "Liquidez baixa (ratio: 0.14)", "Sentimento negativo da comunidade", "高い税率選択 (35.0%) 通貨発行を抑制"], "risks": ["Risco de êxodo em massa de jogadores", "Risco de travamento do mercado", "Risco de dano à reputação"], "opportunities": [], "predictions": {"volume_24h": "Queda de 3.7% no volume previsto", "token_price": "Preço do token: baixa de 2.3% esperada", "player_retention": "Base de jogadores: redução de 1.0% projetado", "sentiment_trend": "Sentimento: tendência negativa (0.02)", "liquidity_impact": "Líquidez: melhora"}}}
{"timestamp": "2025-07-27T13:59:25.290224", "rate": 0.29967596607857694, "analysis": {"decision_factors": ["Alta taxa de saída de jogadores (2472.2%)", "Liquidez baixa (ratio: 0.14)", "Sentimento negativo da comunidade", "安定的な政策選択 (30.0%) 長期ビジョンに沿う"], "risks": ["Risco de êxodo em massa de jogadores", "Risco de travamento do mercado", "Risco de dano à reputação"], "opportunities": [], "predictions": {"volume_24h": "Queda de 4.0% no volume previsto", "token_price": "Preço do token: baixa de 1.1% esperada", "player_retention": "Base de jogadores: crescimento de 0.5% projetado", "sentiment_trend": "Sentimento: tendência negativa (-0.00)", "liquidity_impact": "Líquidez: deterioração"}}}
{"timestamp": "2025-07-27T14:02:28.484655", "rate": 0.24967596607857695, "analysis": {"decision_factors": ["Alta taxa de saída de jogadores (2608.7%)", "Liquidez baixa (ratio: 0.14)", "Sentimento negativo da comunidade", "安定的な政策選択 (25.0%) 長期ビジョンに沿う"], "risks": ["Risco de êxodo em massa de jogadores", "Risco de travamento do mercado", "Risco de dano à reputação"], "opportunities": [], "predictions": {"volume_24h": "Queda de 3.7% no volume previsto", "token_price": "Preço do token: baixa de 0.2% esperada", "player_retention": "Base de jogadores: crescimento de 1.4% projetado", "sentiment_trend": "Sentimento: tendência negativa (0.02)", "liquidity_impact": "Líquidez: melhora"}}}
{"timestamp": "2025-07-27T14:05:52.415257", "rate": 0.22482217848300934, "analysis": {"decision_factors": ["Alta taxa de saída de jogadores (2686.6%)", "Liquidez baixa (ratio: 0.14)", "Sentimento negativo da comunidade", "安定的な政策選択 (22.5%) 長期ビジョンに沿う"], "risks": ["Risco de êxodo em massa de jogadores", "Risco de travamento do mercado", "Risco de dano à reputação"], "opportunities": [], "predictions": {"volume_24h": "Queda de 3.1% no volume previsto", "token_price": "Preço do token: baixa de 0.3% esperada", "player_retention": "Base de jogadores: redução de 0.3% projetado", "sentiment_trend": "Sentimento: tendência negativa (-0.01)", "liquidity_impact": "Líquidez: deterioração"}}}
{"timestamp": "2025-07-27T14:09:20.744864", "rate": 0.17482217848300935, "analysis": {"decision_factors": ["Alta taxa de saída de jogadores (2742.4%)", "Liquidez baixa (ratio: 0.14)", "Sentimento negativo da comunidade", "安定的な政策選択 (17.5%) 長期ビジョンに沿う"], "risks": ["Risco de êxodo em massa de jogadores", "Risco de travamento do mercado", "Risco de dano à reputação"], "opportunities": [], "predictions": {"volume_24h": "Queda de 3.0% no volume previsto", "token_price": "Preço do token: baixa de 1.6% esperada", "player_retention": "Base de jogadores: crescimento de 0.2% projetado", "sentiment_trend": "Sentimento: tendência negativa (-0.00)", "liquidity_impact": "Líquidez: deterioração"}}}
{"timestamp": "2025-07-27T14:13:06.337120", "rate": 0.22482217848300934, "analysis": {"decision_factors": ["Alta taxa de saída de jogadores (2843.8%)", "Liquidez baixa (ratio: 0.14)", "Sentimento negativo da comunidade", "安定的な政策選択 (22.5%) 長期ビジョンに沿う"], "risks": ["Risco de êxodo em massa de jogadores", "Risco de travamento do mercado", "Risco de dano à reputação"], "opportunities": [], "predictions": {"volume_24h": "Queda de 0.7% no volume previsto", "token_price": "Preço do token: baixa de 3.4% esperada", "player_retention": "Base de jogadores: redução de 0.7% projetado", "sentiment_trend": "Sentimento: tendência negativa (-0.01)", "liquidity_impact": "Líquidez: deterioração"}}}
{"timestamp": "2025-07-27T14:16:39.481568", "rate": 0.2748221784830093, "analysis": {"decision_factors": ["Alta taxa de saída de jogadores (2960.0%)", "Liquidez baixa (ratio: 0.14)", "Sentimento negativo da comunidade", "安定的な政策選択 (27.5%) 長期ビジョンに沿う"], "risks": ["Risco de êxodo em massa de jogadores", "Risco de travamento do mercado", "Risco de dano à reputação"], "opportunities": [], "predictions": {"volume_24h": "Queda de 6.9% no volume previsto", "token_price": "Preço do token: baixa de 0.6% esperada", "player_retention": "Base de jogadores: crescimento de 7.6% projetado", "sentiment_trend": "Sentimento: tendência negativa (-0.00)", "liquidity_impact": "Líquidez: deterioração"}}}
